BLUE,ORANGE
8.7,10.66
8.716987099366708,10.7517567458212
8.752818580306865,10.771059668443634
8.726089152672317,10.833917036328259
8.704304370320772,11.003694483830117
8.865738842024134,10.9523915271765
8.969193162076952,10.965050266147706
8.993605354560161,11.151717807427008
8.839288058403973,10.96754910579968
8.669650946798068,11.113470085384101
8.766111824367293,11.27795484301489
8.93393670073552,11.412910714140384
8.92017106316335,11.54097689180713
